subjectID,platformID,taskID,video_duration,distracting_gazes_count,percentage_of_distracting_gazes,amount_of_seconds_distracted,mean,std,min,25%,50%,75%,max,time_on_task,average_game_error
01,AA,T1,194.46666666666667,166,0.804,156.3512,0.197074594103531,0.34951741423099686,0.0,0.000114,0.0056105,0.138458,0.996801,194.03333333333333,149.19461980012917
01,AA,T2,27.333333333333332,21,0.622,17.001333333333335,0.3658488756097561,0.4320096642905895,0.000212,0.00313625,0.04323,0.9022220000000001,0.997356,27.3,66.5627604071412
01,AA,T3,20.366666666666667,12,0.308,6.272933333333333,0.6325375450081834,0.4194303226668082,0.000169,0.013456,0.888218,0.961346,0.995815,20.333333333333332,25.873381086562595
01,CP,T1,40.93333333333333,44,0.716,29.308266666666665,0.2934809063517915,0.4011956754312239,0.000117,0.0073395,0.045089000000000004,0.82068075,0.99646,40.86666666666667,48.585113616037596
01,CP,T2,18.033333333333335,24,0.425,7.664166666666666,0.5845506894639557,0.4373979052330908,0.001112,0.058896,0.926754,0.97417,0.993986,18,29.332283986339725
01,CP,T3,21.366666666666667,42,0.379,8.097966666666666,0.6201629079563182,0.40193677014091633,0.000789,0.141406,0.876007,0.973366,0.995053,21.3,22.145846967756956
01,NO,T0,45.06666666666667,4,0.002,0.09013333333333334,0.9247138431952662,0.04950257607202543,0.283098,0.9078565,0.9359770000000001,0.95462,0.984446,45,12.964262801371357
02,AA,T1,49.53333333333333,87,0.676,33.48453333333334,0.3471659017496635,0.36604094027943124,0.0,0.02143225,0.175095,0.71362825,0.99287,49.43333333333333,119.38922393860156
02,AA,T2,24.266666666666666,26,0.408,9.9008,0.5923896923076923,0.40341957449247273,0.000299,0.1086425,0.8609264999999999,0.9499475000000001,0.99433,24.233333333333334,70.23247399928867
02,AA,T3,18.033333333333335,26,0.418,7.537933333333332,0.5337779297597043,0.4070311821559806,0.001425,0.034525,0.646883,0.94326,0.990071,18.033333333333335,39.48311718388324
02,CP,T1,90.13333333333334,134,0.691,62.282133333333334,0.3402458624260355,0.35543628226072976,3.9e-05,0.03876475,0.170092,0.64808975,0.99363,90,123.56596678915186
02,CP,T2,22.466666666666665,28,0.436,9.795466666666666,0.5692010979228487,0.3994415332472619,0.001172,0.10584325,0.762964,0.9512459999999999,0.989786,22.433333333333334,73.60323908320785
02,CP,T3,71.93333333333334,142,0.567,40.786199999999994,0.4356255769230769,0.3333599564568727,0.000735,0.1044885,0.396151,0.76077375,0.98849,71.83333333333333,94.94382144616097
02,NO,T0,45.13333333333333,0,0.0,0.0,0.9231745635155095,0.07146602368116975,0.564221,0.90226025,0.9554475,0.97038175,0.992479,45,28.645475267257925
03,AA,T1,97.83333333333333,219,0.349,34.143833333333326,0.6652400551959115,0.26574881335581585,0.078298,0.4260995,0.649966,0.961668,0.997357,97.6,68.39621880236496
03,AA,T2,29.266666666666666,42,0.157,4.594866666666666,0.8138802585421412,0.24244069669286475,0.097273,0.7252565,0.934887,0.9826185,0.997184,29.233333333333334,26.646490928203146
03,AA,T3,21.033333333333335,36,0.328,6.898933333333334,0.6451564754358162,0.3330498108305889,0.041128,0.3611455,0.69916,0.972745,0.997596,19.733333333333334,27.316716300354205
03,CP,T1,57.0,130,0.233,13.281,0.6948348421052631,0.2561517217389896,0.027418,0.5144,0.7469015,0.9236132499999999,0.998016,58.43333333333333,55.09979589777978
03,CP,T2,12.9,29,0.222,2.8638,0.7605955839793281,0.27421070829453154,0.152119,0.5413034999999999,0.943849,0.985193,0.997121,16.966666666666665,27.023865365333993
03,CP,T3,21.066666666666666,28,0.38,8.005333333333333,0.6426879256329113,0.3420164754611413,0.030282,0.3034,0.819,0.95977725,0.99706,21.066666666666666,30.57008333310628
03,NO,T0,45.13333333333333,6,0.018,0.8124,0.9497331772525849,0.0962073382698037,0.332485,0.9610945,0.9779415,0.98620725,0.996692,45,17.603099769809212
04,AA,T1,72.16666666666667,266,0.567,40.918499999999995,0.425983119630485,0.3010510748996103,0.000113,0.129232,0.408745,0.704748,0.97214,,
04,AA,T2,17.0,59,0.455,7.735,0.509106005882353,0.26571652900365555,0.019588,0.25936824999999997,0.5433595,0.7374197499999999,0.965346,,
04,AA,T3,19.733333333333334,53,0.542,10.695466666666668,0.45048872804054063,0.33475640029638887,0.009117,0.1064585,0.4132715,0.7850692499999999,0.977983,,
04,CP,T1,58.53333333333333,226,0.475,27.80333333333333,0.5043084316628702,0.2767985304406327,0.000764,0.26031325,0.531242,0.7501175,0.970266,,
04,CP,T2,11.766666666666667,34,0.269,3.1652333333333336,0.6371613371104815,0.22821981486294385,0.055661,0.472394,0.686533,0.826774,0.973364,,
04,CP,T3,54.46666666666667,210,0.372,20.261599999999998,0.5806171713586291,0.27816520576958453,0.0,0.36263500000000004,0.633275,0.82447025,0.988379,,
04,NO,T0,45.1,40,0.067,3.0217000000000005,0.7645066629711753,0.1645276216856659,0.137055,0.658812,0.794498,0.895695,0.996203,,
05,AA,T1,56.96666666666667,74,0.456,25.9768,0.5326485219426564,0.45379455811370456,0.000914,0.02107,0.774733,0.981386,0.997374,56.86666666666667,43.47973945681917
05,AA,T2,16.633333333333333,23,0.289,4.807033333333333,0.6937974048096193,0.41645115604044386,0.000953,0.119928,0.953579,0.9888895,0.997016,16.633333333333333,25.5668034674197
05,AA,T3,29.333333333333332,33,0.298,8.741333333333333,0.6857796045454545,0.4174142730913449,0.001923,0.10514675,0.9689639999999999,0.989305,0.998059,29.266666666666666,31.155553563528663
05,CP,T1,48.96666666666667,70,0.308,15.081733333333334,0.6638895105513954,0.4308682739824777,0.000834,0.024312,0.961294,0.990617,0.997502,48.86666666666667,29.028904389919106
05,CP,T2,12.733333333333333,14,0.233,2.9668666666666668,0.7113749869109948,0.38886565547581803,0.001486,0.601741,0.9413009999999999,0.9873735,0.99666,12.7,23.82590041280179
05,CP,T3,74.03333333333333,101,0.402,29.761400000000002,0.5854863390364701,0.45726969567500897,0.001194,0.017996,0.92964,0.98719,0.998617,73.86666666666666,42.39346384611827
05,NO,T0,45.06666666666667,6,0.003,0.13520000000000001,0.958632348372781,0.07317765900232555,0.349685,0.967847,0.987521,0.99228775,0.997053,45,17.434563127911634
06,AA,T1,34.56666666666667,33,0.635,21.949833333333334,0.351853174541948,0.4030664237656363,0.000223,0.022937,0.070049,0.869243,0.97962,34.5,45.210838529342396
06,AA,T2,15.8,15,0.489,7.7262,0.45372273417721515,0.4347994390391483,0.000268,0.0044275,0.6026055,0.88789125,0.980639,15.8,30.376251920032523
06,AA,T3,13.666666666666666,14,0.412,5.6306666666666665,0.5803345219512196,0.4395800705946538,0.000669,0.0335185,0.9190685000000001,0.960792,0.985104,13.633333333333333,35.80379805255096
06,CP,T1,49.4,49,0.615,30.380999999999997,0.37449635357624833,0.43991597291426887,0.000146,0.0076935,0.0374385,0.93232975,0.992615,49.333333333333336,54.415103669554405
06,CP,T2,17.6,24,0.527,9.275200000000002,0.4437658257575758,0.44980503997836163,0.000325,0.00537525,0.13758599999999999,0.939043,0.985094,17.566666666666666,30.584213630170286
06,CP,T3,44.96666666666667,59,0.544,24.46186666666667,0.4409059962935508,0.446924118898882,0.000329,0.017325,0.082845,0.94283,0.993704,44.86666666666667,55.10021840064627
06,NO,T0,45.06666666666667,44,0.105,4.732,0.8115302684911242,0.19468958019804683,0.036759,0.7862125,0.891891,0.93588925,0.981071,45,16.515431326660455
07,AA,T1,53.53333333333333,82,0.453,24.250600000000002,0.5348691376089664,0.4528750621897696,0.000261,0.02260475,0.741642,0.985498,0.99823,53.4,38.39193967142551
07,AA,T2,15.166666666666666,19,0.475,7.204166666666667,0.5162201362637363,0.47109756462299507,0.00043,0.0058154999999999995,0.765339,0.9900205,0.996894,15.133333333333333,28.227130416289157
07,AA,T3,27.266666666666666,40,0.512,13.960533333333334,0.4743689413202934,0.46018695813660354,0.000495,0.01134675,0.3435025,0.9686245,0.998362,27.233333333333334,31.736193655665833
07,CP,T1,37.766666666666666,55,0.687,25.945700000000002,0.31514255075022063,0.43290077776740904,0.000367,0.009594,0.022654,0.940476,0.997365,37.7,37.0820935226758
07,CP,T2,9.8,18,0.425,4.165,0.5704984353741497,0.447048492366493,0.000646,0.007837,0.8779170000000001,0.9835382500000001,0.997939,9.8,20.914019548000518
07,CP,T3,38.43333333333333,62,0.637,24.482033333333334,0.3581757328707719,0.4409729046788895,0.000318,0.008608,0.025597,0.955335,0.998019,38.36666666666667,32.979351156041574
07,NO,T0,45.06666666666667,0,0.0,0.0,0.9351132196745563,0.07128014923552739,0.55259,0.92415225,0.9618865,0.9751015000000001,0.994652,45,16.7487578952685
08,AA,T1,65.66666666666667,72,0.779,51.154333333333334,0.2615110289340102,0.3647176991729879,0.000503,0.00945325,0.0317575,0.426276,0.998878,65.53333333333333,120.83747400866665
08,AA,T2,13.9,40,0.53,7.367000000000001,0.48125641726618706,0.4152233890922782,0.00081,0.030232,0.448084,0.989374,0.998689,13.866666666666667,38.3728870385873
08,AA,T3,23.333333333333332,22,0.683,15.936666666666667,0.31637798142857143,0.4477660527961343,0.000274,0.00311075,0.0100225,0.972495,0.998701,23.233333333333334,95.45274468786587
08,CP,T1,48.266666666666666,58,0.553,26.691466666666667,0.4755770511049724,0.4318891409289268,0.003704,0.052964250000000004,0.243531,0.9864115,0.998552,48.13333333333333,95.78643657786391
08,CP,T2,23.5,21,0.772,18.142,0.2554012609929078,0.39145318512984556,0.000359,0.014266,0.035323,0.242467,0.998413,23.433333333333334,105.77442326395172
08,CP,T3,99.0,88,0.739,73.161,0.2998827333333334,0.40194614314101945,7.9e-05,0.006946249999999999,0.045102500000000004,0.66897525,0.999019,98.8,135.33930897513235
08,NO,T0,45.1,2,0.001,0.0451,0.9713310251293422,0.06858693090805962,0.374578,0.988865,0.997395,0.998291,0.998938,45,23.082959521133123
09,AA,T1,60.666666666666664,71,0.614,37.24933333333333,0.4225897637362638,0.36992570303462774,0.008768,0.0865255,0.249334,0.88096875,0.980239,60.56666666666667,89.24512745279516
09,AA,T2,25.1,14,0.244,6.1244,0.7108184754316069,0.37959154811791873,0.001019,0.636949,0.910297,0.962788,0.98943,25.066666666666666,35.0508677369054
09,AA,T3,16.3,10,0.342,5.5746,0.6258533619631901,0.41620515280188697,0.003832,0.055114,0.902221,0.960296,0.984982,16.233333333333334,61.76849071738327
09,CP,T1,95.23333333333333,158,0.744,70.8536,0.33672842737136854,0.31435249602627724,0.0,0.090137,0.208191,0.507258,0.991002,95,110.71768258053757
09,CP,T2,22.466666666666665,16,0.72,16.176,0.3422706587537092,0.35698967582550944,0.007782,0.0874095,0.14634750000000002,0.76698475,0.982573,22.4,66.57147766920085
09,CP,T3,18.3,18,0.393,7.1919,0.6135218069216758,0.38388181309522423,0.0,0.18305,0.87469,0.952295,0.984724,18.3,37.62045685311703
09,NO,T0,45.13333333333333,11,0.134,6.047866666666667,0.7513687023633678,0.22471462762523986,0.082473,0.66654525,0.8366325,0.90456175,0.98233,45,23.32164292134952
10,AA,T1,55.06666666666667,16,0.812,44.71413333333333,0.16593705024213076,0.3389898734692269,8e-06,9.3e-05,0.00019250000000000002,0.0006175,0.989853,54.96666666666667,162.57233650224032
10,AA,T2,12.1,15,0.656,7.937600000000001,0.30783697245179065,0.37177335687797697,8e-06,0.0001165,0.00093,0.6961714999999999,0.971085,12.066666666666666,103.6868504965383
10,AA,T3,11.866666666666667,10,0.573,6.799599999999999,0.3923485337078652,0.3869374624015973,1.3e-05,0.00030725,0.230665,0.81459025,0.960875,11.833333333333334,55.494010225686814
10,CP,T1,168.9,77,0.861,145.4229,0.13103390309848037,0.3086453383019768,0.0,4e-06,3.2e-05,0.000188,0.99192,168.63333333333333,243.17409407244125
10,CP,T2,14.3,17,0.534,7.6362000000000005,0.42663805594405596,0.44891629342762857,5e-06,0.00011,0.079372,0.94667,0.994133,14.266666666666667,129.0508808257439
10,CP,T3,62.7,58,0.726,45.5202,0.2514377671451356,0.3903143554407847,1e-06,3.5e-05,0.000121,0.664597,0.983941,62.53333333333333,218.47378905561095
10,NO,T0,45.03333333333333,26,0.111,4.9987,0.8673684744633604,0.2169370606482951,0.005663,0.8974705000000001,0.97009,0.9805809999999999,0.994505,45,32.97504925919593
11,AA,T1,29.566666666666666,24,0.18,5.322,0.7705167294250282,0.3564259624011277,7.7e-05,0.7623854999999999,0.965179,0.989725,0.997486,29.466666666666665,62.844174745298695
11,AA,T2,30.333333333333332,26,0.281,8.523666666666667,0.6833475604395605,0.4203730740645476,7.2e-05,0.046087,0.9558245000000001,0.9822612500000001,0.99665,30.3,83.9993668544678
11,AA,T3,36.96666666666667,36,0.227,8.391433333333334,0.7414838187556356,0.3877558852254751,0.000131,0.723008,0.963625,0.982107,0.993421,36.9,61.209884247788416
11,CP,T1,142.03333333333333,144,0.544,77.26613333333334,0.42126177517014785,0.44256572176836945,8.2e-05,0.000997,0.062434,0.918897,0.992831,141.8,109.84657844556003
11,CP,T2,14.233333333333333,32,0.494,7.031266666666666,0.4287725737704918,0.3642652084231033,9.9e-05,0.0027725,0.504558,0.7757445000000001,0.955808,14.2,72.87618786520109
11,CP,T3,17.7,24,0.318,5.6286000000000005,0.641667856873823,0.4176113884929363,9.9e-05,0.014152999999999999,0.91144,0.9683360000000001,0.994173,17.666666666666668,60.83028578206048
11,NO,T0,45.06666666666667,32,0.056,2.5237333333333334,0.9046875843195266,0.19642608224465896,0.001845,0.9278872499999999,0.9769410000000001,0.9865507499999999,0.996715,45,41.958088679942136
12,AA,T1,81.63333333333334,77,0.469,38.28603333333333,0.5023751363821968,0.46740565618409685,6e-06,0.000873,0.722689,0.977666,0.998781,81.5,54.19641437624312
12,AA,T2,22.5,8,0.209,4.7025,0.7676374281481482,0.3901823238430841,1e-05,0.8962695,0.971899,0.9876145000000001,0.997723,22.433333333333334,33.78338592134042
12,AA,T3,18.366666666666667,6,0.12,2.204,0.8518625753176043,0.3098646882846845,6e-06,0.9332475,0.97856,0.9895735,0.997175,18.333333333333332,32.64381777370319
12,CP,T1,60.9,22,0.28,17.052000000000003,0.6891486945812807,0.4292694072007262,9e-06,0.002702,0.95951,0.9863655,0.997978,60.733333333333334,41.51786275346866
12,CP,T2,37.233333333333334,18,0.331,12.324233333333334,0.6434597197851387,0.4488697323688479,1e-05,0.001876,0.95544,0.973552,0.993797,37.13333333333333,52.13970006673323
12,CP,T3,54.53333333333333,56,0.342,18.6504,0.6191978838630806,0.4383507627763914,5e-06,0.0011745,0.9133695,0.975124,0.997595,54.4,54.23761843020209
12,NO,T0,45.06666666666667,0,0.0,0.0,0.9693702684911242,0.03219950545888624,0.590493,0.9585312500000001,0.980599,0.9903425,0.995709,45,16.49222944059875
13,AA,T1,59.166666666666664,59,0.646,38.22166666666667,0.350219730140845,0.4453279130780511,0.000117,0.0023325,0.013356,0.9640445,0.99815,59,40.55193548770653
13,AA,T2,24.3,26,0.739,17.9577,0.2674718134430727,0.41490036235101846,0.000954,0.00394,0.008029,0.671586,0.997765,24.266666666666666,31.468998018782028
13,AA,T3,16.233333333333334,5,0.099,1.6071,0.8608847125256673,0.2888360943269751,0.001433,0.9349620000000001,0.98739,0.9933845,0.996554,16.233333333333334,18.72345261930309
13,CP,T1,33.9,38,0.552,18.7128,0.43968190265486723,0.4541091701298151,0.000195,0.005625,0.166901,0.977219,0.997348,33.833333333333336,37.276199839515
13,CP,T2,15.4,26,0.39,6.006,0.5936316969696971,0.44826061087919217,0.001716,0.019050749999999998,0.9187525,0.99055525,0.996672,15.4,23.70729285302745
13,CP,T3,21.566666666666666,18,0.304,6.556266666666667,0.6654112055641422,0.42125669513452124,0.002555,0.050238000000000005,0.938693,0.984832,0.997003,21.566666666666666,16.918066730170978
13,NO,T0,45.13333333333333,0,0.0,0.0,0.9746822769571639,0.04523339528838133,0.639223,0.977492,0.992813,0.9956625,0.997884,45,13.249904243427626
14,AA,T1,52.96666666666667,25,0.947,50.15943333333333,0.053212494650723724,0.18608442122717575,2.8e-05,0.000226,0.00113,0.004236,0.986316,52.833333333333336,88.05172666630207
14,AA,T2,21.033333333333335,34,0.731,15.375366666666666,0.2530339619651347,0.37384076570216723,0.000152,0.0022135,0.006128,0.612697,0.992968,21,63.972009981509174
14,AA,T3,21.366666666666667,30,0.548,11.708933333333334,0.39138665678627144,0.39949376839293915,0.000192,0.002283,0.200982,0.797895,0.997991,21.333333333333332,29.88826677240935
14,CP,T1,345.6666666666667,293,0.596,206.0173333333333,0.38688916991321115,0.4412531927674966,0.0,0.00068725,0.008393999999999999,0.92518,0.9993,338.8333333333333,90.93505822132371
14,CP,T2,24.533333333333335,7,0.86,21.098666666666666,0.1489114633152174,0.3265160852412681,0.000186,0.00087575,0.0024045,0.01108175,0.992595,24.466666666666665,61.40246637993501
14,CP,T3,94.73333333333333,69,0.772,73.13413333333332,0.21475433286418016,0.37660977993311134,1.4e-05,0.00028425,0.0007255,0.22534075,0.998129,94.56666666666666,84.0562345951422
14,NO,T0,45.13333333333333,52,0.15,6.77,0.7604638094534711,0.23657038508006215,0.050075,0.6551095,0.866065,0.92692325,0.99149,45,16.910652841638324
15,AA,T1,85.56666666666666,90,0.56,47.91733333333334,0.41593579275418774,0.4423410534751257,0.000126,0.004094,0.050207,0.940133,0.995739,85.36666666666666,46.406433858847116
15,AA,T2,205.6,194,0.306,62.913599999999995,0.6470469028858625,0.41590495602825034,6e-06,0.019113,0.9025974999999999,0.973588,0.99662,205.2,33.513474962502755
15,AA,T3,35.63333333333333,47,0.474,16.8902,0.5106661478016838,0.42885248582716995,0.009609,0.03004,0.630592,0.961027,0.993759,35.6,55.57782927020267
15,CP,T1,56.3,76,0.499,28.093700000000002,0.4871952670219064,0.4452384021414068,0.000426,0.007596,0.507943,0.972418,0.993608,56.2,41.79485288870512
15,CP,T2,20.566666666666666,28,0.321,6.6019000000000005,0.6219921377633711,0.4049433203278231,0.006912,0.041965,0.855486,0.9593,0.992575,20.5,27.029592417935753
15,CP,T3,26.333333333333332,25,0.253,6.662333333333334,0.7244348367088608,0.3860519071946425,0.001853,0.481279,0.9623740000000001,0.979008,0.994652,26.3,23.93783218892435
15,NO,T0,45.1,30,0.078,3.5178000000000003,0.8655562749445675,0.1820720954489251,0.233164,0.840349,0.955707,0.975606,0.995306,45,16.652490615547922
16,AA,T1,90.96666666666667,146,0.24,21.831999999999997,0.6957357878343715,0.2868046781820834,0.0104,0.526505,0.820405,0.923342,0.986693,90.9,50.28820076831065
16,AA,T2,28.7,70,0.154,4.4197999999999995,0.7741874715447155,0.24526533892963842,0.005579,0.631152,0.880434,0.963363,0.990393,28.6,41.90785197997281
16,AA,T3,38.766666666666666,80,0.222,8.6062,0.7143635666380052,0.2980737193674497,0.000281,0.5467515000000001,0.870672,0.9315855,0.983799,38.7,31.91268255496963
16,CP,T1,59.46666666666667,142,0.279,16.5912,0.684758322309417,0.30294447084908543,0.001636,0.45511225,0.8152820000000001,0.9387537499999999,0.98267,59.36666666666667,45.03882591387735
16,CP,T2,116.4,152,0.182,21.1848,0.7432646325887744,0.2503131504948238,0.002436,0.6204095,0.8325695,0.94043975,0.993036,116.13333333333334,58.978637292674826
16,CP,T3,90.73333333333333,162,0.135,12.249,0.7759572590007348,0.2330397031718538,0.015056,0.68832475,0.874656,0.941777,0.990999,90.56666666666666,58.0692919470089
16,NO,T0,45.06666666666667,81,0.697,31.411466666666666,0.34775524334319524,0.21602189027082375,0.016806,0.14341274999999998,0.346017,0.5385657500000001,0.893205,45,15.345336226343901
17,AA,T1,31.633333333333333,30,0.769,24.326033333333335,0.2265025943097998,0.3953423411806656,0.000132,0.001144,0.003348,0.184153,0.995739,31.6,58.720893665464416
17,AA,T2,59.833333333333336,59,0.719,43.02016666666667,0.2752927286908078,0.42343202987265555,4.9e-05,0.0018905,0.006774,0.8331919999999999,0.999126,59.733333333333334,63.722471965144486
17,AA,T3,16.633333333333333,19,0.391,6.503633333333334,0.6004986132264529,0.47021210448208006,0.000127,0.0058414999999999995,0.973735,0.9928105,0.997063,16.6,54.86582603152938
17,CP,T1,35.333333333333336,25,0.811,28.655333333333335,0.18712941698113206,0.36794261819289176,0.000373,0.0031497499999999998,0.0077985,0.023781999999999998,0.996643,35.233333333333334,61.24479672328296
17,CP,T2,11.066666666666666,13,0.575,6.363333333333332,0.4244355210843373,0.46937164953593125,0.000726,0.0111385,0.0251,0.98151725,0.996887,11.033333333333333,42.81070599439482
17,CP,T3,9.366666666666667,10,0.427,3.9995666666666665,0.5473850106761566,0.4649767858626961,0.000674,0.010632,0.824782,0.988262,0.996525,9.3,53.7129106607187
17,NO,T0,45.13333333333333,34,0.025,1.1283333333333334,0.9323587540620384,0.12989791616385754,0.012753,0.93655875,0.9730815,0.98794925,0.996697,45,23.69105164386707
18,AA,T1,39.03333333333333,37,0.804,31.3828,0.20190189496157132,0.37341272046528984,2.4e-05,0.00045,0.001842,0.039351,0.991554,38.93333333333333,105.31849995107599
18,AA,T2,11.8,14,0.576,6.7968,0.40023205367231635,0.44251632277171343,2.4e-05,0.00036700000000000003,0.0075,0.9616962499999999,0.99566,11.766666666666667,60.13135483879672
18,AA,T3,16.3,22,0.71,11.573,0.2744098343558282,0.4031539879380531,3e-05,0.001049,0.002654,0.632068,0.997734,,
18,CP,T1,38.06666666666667,39,0.784,29.84426666666667,0.20788662084063048,0.3821832752617987,1.4e-05,0.00031725,0.00082,0.01449475,0.996766,37.96666666666667,71.87604907530088
18,CP,T2,10.633333333333333,21,0.602,6.401266666666666,0.3815300250783699,0.4476218331243216,0.000107,0.0022240000000000003,0.012619,0.942373,0.996476,10.633333333333333,58.81604576239224
18,CP,T3,63.3,69,0.649,41.0817,0.3401853601895735,0.4513757039368401,5e-06,0.000848,0.00474,0.967063,0.998657,16.266666666666666,88.90969840193054
18,NO,T0,45.06666666666667,2,0.009,0.40559999999999996,0.9233337204142011,0.1002346312189137,0.352007,0.90467225,0.970649,0.9837205,0.993979,45,20.935161781425858
19,AA,T1,97.7,216,0.343,33.511100000000006,0.6708646243602867,0.29423268155328247,0.026124,0.394482,0.719276,0.9649625,0.997508,97.43333333333334,65.4029927113348
19,AA,T2,8.766666666666667,8,0.319,2.7965666666666666,0.7311242965779469,0.3339155992192029,0.034598,0.359863,0.94384,0.980478,0.994045,8.766666666666667,47.03797866825137
19,AA,T3,30.0,70,0.209,6.27,0.7503119600000001,0.2629128102335269,0.110721,0.53603225,0.8529655,0.9937095,0.998776,29.966666666666665,47.221050672234156
19,CP,T1,103.63333333333334,169,0.487,50.46943333333333,0.5460985689932454,0.3939626339645537,0.002826,0.131761,0.530501,0.976728,0.998291,103.46666666666667,45.18831310856888
19,CP,T2,9.3,13,0.477,4.4361,0.5293838817204302,0.3874231415990981,0.032169,0.119087,0.599743,0.9376074999999999,0.99605,9.266666666666667,35.19605676562995
19,CP,T3,36.43333333333333,63,0.625,22.770833333333332,0.44684082159194877,0.3867079848950829,0.00921,0.11011,0.237989,0.950294,0.996098,36.36666666666667,45.40592585949972
19,NO,T0,45.1,2,0.001,0.0451,0.9685868802660752,0.036374630263687535,0.419067,0.966216,0.978927,0.984723,0.995194,45,17.368897271479007
20,AA,T1,91.46666666666667,116,0.516,47.1968,0.4658507018950438,0.4591283317424207,1.8e-05,0.0016277499999999999,0.364766,0.9794025,0.9985,91.33333333333333,55.87530822224618
20,AA,T2,10.0,18,0.32,3.2,0.6576636566666667,0.43251750802682104,7.8e-05,0.012005249999999999,0.952931,0.9896035,0.998168,10,33.88578986918343
20,AA,T3,12.266666666666667,2,0.003,0.036800000000000006,0.9677357092391305,0.07509048434325305,0.460269,0.9911989999999999,0.9953965,0.9965875000000001,0.999121,12.233333333333333,23.797599659641556
20,CP,T1,224.26666666666668,264,0.585,131.196,0.3917090392390012,0.4369778848710755,0.0,0.002323,0.0335685,0.92167375,0.99922,223.83333333333334,60.47332878983571
20,CP,T2,6.8,7,0.471,3.2027999999999994,0.5184748529411763,0.47981862854014523,0.00015,0.0025180000000000003,0.849048,0.9895754999999999,0.996985,6.8,36.09102131475422
20,CP,T3,33.1,24,0.392,12.975200000000001,0.5849411258811682,0.4567363675059714,0.000102,0.008266,0.902358,0.98976,0.998974,32.96666666666667,43.55610155048421
20,NO,T0,45.06666666666667,12,0.014,0.6309333333333333,0.9571722640532545,0.0892060058034349,0.318644,0.9691395,0.987117,0.9919955,0.99754,45,18.276577966162293
21,AA,T1,119.93333333333334,121,0.71,85.15266666666666,0.2834887751528627,0.42649949581018454,0.0,0.00053725,0.0023090000000000003,0.86025,0.999237,119.7,116.65661661676107
21,AA,T2,21.966666666666665,24,0.291,6.3923,0.6885036858877086,0.4237466413188572,0.000195,0.059345,0.993344,0.9983280000000001,0.999445,21.966666666666665,66.40682090501019
21,AA,T3,22.333333333333332,32,0.421,9.402333333333333,0.5754071910447761,0.4635145063618934,0.000122,0.00308725,0.9334315,0.99580675,0.999195,22.3,47.46700665324278
21,CP,T1,49.733333333333334,60,0.725,36.056666666666665,0.2721977808310992,0.4227476959992103,5.2e-05,0.0007065,0.0018900000000000002,0.757366,0.999324,49.63333333333333,92.80092020938605
21,CP,T2,8.7,20,0.506,4.4022,0.5026146245210728,0.45368232685677096,0.000476,0.004373,0.465213,0.991992,0.999348,8.7,25.511658969159193
21,CP,T3,28.933333333333334,36,0.559,16.173733333333335,0.4325849550691244,0.4573981539071631,0.000144,0.001466,0.137754,0.98769025,0.999315,28.9,57.9765356594846
21,NO,T0,45.06666666666667,16,0.01,0.45066666666666666,0.9656747211538462,0.08622753672210537,0.401825,0.9825579999999999,0.996185,0.9983204999999999,0.999296,45,22.37667464100455
22,AA,T1,52.13333333333333,68,0.38,19.81066666666667,0.5935947416879795,0.45565849552726423,7e-06,0.00278725,0.923062,0.98383925,0.997385,52.03333333333333,59.47557407188678
22,AA,T2,16.8,20,0.274,4.6032,0.702383498015873,0.4285762744538287,8.6e-05,0.0171225,0.9806755,0.9935775,0.997363,16.766666666666666,31.936625936750264
22,AA,T3,22.166666666666668,22,0.174,3.8569999999999998,0.794403769924812,0.35571843420580257,5e-05,0.798709,0.985082,0.99333,0.997814,22.1,23.160529751639125
22,CP,T1,94.96666666666667,104,0.548,52.04173333333334,0.4390597002457002,0.476916834476795,6.5e-05,0.001071,0.007061,0.986861,0.998693,94.76666666666667,107.5793766928968
22,CP,T2,14.233333333333333,20,0.262,3.729133333333334,0.6940384285714286,0.4045193158262083,0.000437,0.44584599999999996,0.959711,0.9927524999999999,0.998241,14.2,34.12415352751749
22,CP,T3,32.266666666666666,38,0.175,5.646666666666666,0.7807149307851239,0.3565608642466891,0.000232,0.75749975,0.9802,0.993799,0.998328,32.2,41.96202105019863
22,NO,T0,45.13333333333333,18,0.031,1.3991333333333331,0.910887917282127,0.1629051003404265,0.001572,0.93132225,0.9857605,0.99103075,0.996939,45,25.33131022607103
23,AA,T1,100.0,153,0.617,61.7,0.4019401623333333,0.4319039365253312,0.000879,0.017707999999999998,0.11614550000000001,0.96293075,0.998086,99.8,48.88130150292447
23,AA,T2,16.5,22,0.404,6.666,0.5710898141414142,0.43747584494189534,0.003184,0.026718,0.849075,0.979766,0.996266,16.5,32.74516077238866
23,AA,T3,17.8,12,0.135,2.403,0.84690931835206,0.3054676454825131,0.008663,0.9030009999999999,0.9915080000000001,0.99616425,0.998881,17.766666666666666,35.61787041819715
23,CP,T1,53.6,72,0.622,33.3392,0.3859544558457711,0.42457896142392665,0.001006,0.017292500000000002,0.091591,0.93259025,0.992873,53.5,45.45564639037723
23,CP,T2,11.633333333333333,24,0.352,4.0949333333333335,0.626528028653295,0.38689901650717284,0.001881,0.168419,0.850885,0.954897,0.990231,11.633333333333333,25.038620367101625
23,CP,T3,17.033333333333335,16,0.174,2.9637999999999995,0.789707023483366,0.3395303946571998,0.002285,0.7943484999999999,0.973484,0.9889680000000001,0.997803,17,24.397052000619038
23,NO,T0,45.166666666666664,0,0.0,0.0,0.9552880531365314,0.05771913937082858,0.521229,0.9508544999999999,0.975484,0.9869034999999999,0.997236,45,16.29519377019906
24,AA,T1,37.86666666666667,57,0.637,24.121066666666668,0.34941410651408455,0.4219375476387587,5.2e-05,0.0044329999999999994,0.027568000000000002,0.89818,0.987553,37.8,122.2461790552472
24,AA,T2,8.8,14,0.341,3.0008,0.6180732462121212,0.42776076988500505,5.6e-05,0.0010375,0.876822,0.97362575,0.990129,8.766666666666667,54.162310213094635
24,AA,T3,14.5,26,0.333,4.828500000000001,0.5909718942528736,0.3670865442917296,0.000241,0.1853795,0.765694,0.8957625,0.987048,14.466666666666667,36.456104562935124
24,CP,T1,110.3,141,0.734,80.9602,0.2511239791477788,0.35686252133030044,6e-06,0.000788,0.005956,0.551297,0.991411,110.06666666666666,113.77115501652575
24,CP,T2,10.6,16,0.308,3.2648,0.6563228081761006,0.42579675257037874,9.2e-05,0.017537749999999998,0.9403295,0.9721195,0.990528,10.566666666666666,66.36147640031994
24,CP,T3,27.4,42,0.381,10.439400000000001,0.5942665437956204,0.3907312984493618,0.000144,0.1455855,0.7974135,0.94745625,0.993145,27.366666666666667,38.56920218981644
24,NO,T0,45.06666666666667,14,0.027,1.2167999999999999,0.8642156412721893,0.13239488665977375,0.310507,0.80728125,0.9197919999999999,0.96567025,0.98799,45,23.222846355505766
25,AA,T1,158.83333333333334,207,0.426,67.663,0.6193994910807975,0.35995453936803196,0.001124,0.234132,0.788646,0.973476,0.998751,158.33333333333334,79.86269132410625
25,AA,T2,50.8,36,0.171,8.686800000000002,0.8365529790026246,0.2875386599610527,0.035165,0.9341327500000001,0.9737955,0.98640125,0.998329,50.53333333333333,47.96238504052289
25,AA,T3,14.266666666666667,5,0.175,2.4966666666666666,0.823959039719626,0.3278026757474396,0.03974,0.95296725,0.979279,0.99294725,0.99767,14.066666666666666,79.5414083876307
25,CP,T1,69.5,66,0.563,39.128499999999995,0.468141035971223,0.40600998647995756,0.001132,0.07829,0.244613,0.934343,0.995793,69.26666666666667,83.14609748017621
25,CP,T2,9.133333333333333,24,0.412,3.7629333333333332,0.6248486313868613,0.3850034887738212,0.025327,0.18045525,0.8994055,0.9795585,0.995193,9.066666666666666,86.29206126360972
25,CP,T3,93.5,100,0.55,51.425000000000004,0.49752808306595364,0.40741003896148026,0.001015,0.097367,0.32806,0.971487,0.997524,93.13333333333334,113.18347627176534
25,NO,T0,45.06666666666667,0,0.0,0.0,0.9843341812130179,0.013300607524973621,0.887291,0.9795732500000001,0.987231,0.9947205,0.998753,45,27.12759113336282
26,AA,T1,46.4,49,0.515,23.896,0.48174088936781617,0.4765909904341818,6.9e-05,0.006659,0.1561545,0.99254175,0.998364,46.03333333333333,38.46578661963781
26,CP,T1,116.83333333333333,108,0.399,46.6165,0.5901998042796004,0.46874679512029216,7.9e-05,0.00535,0.962628,0.994733,0.999061,116.26666666666667,36.06005115996747
26,CP,T2,20.966666666666665,27,0.404,8.470533333333334,0.5816252511923689,0.46523136978515234,0.000684,0.011744,0.941208,0.995652,0.998117,20.766666666666666,25.02251951418478
26,CP,T3,60.43333333333333,60,0.436,26.34893333333333,0.5531473662437948,0.4765003908720818,4.7e-05,0.002211,0.922443,0.992853,0.999138,59.96666666666667,35.667183761194956
26,NO,T0,51.333333333333336,4,0.031,1.5913333333333335,0.9603313162337661,0.1504259223261033,0.030527,0.9902500000000001,0.9957104999999999,0.9971205,0.998959,45,19.086353829611944
